{
    "namespace": "scoreboard",
    "scoreboard_sidebar_score": {
        "type": "label",
        "layer": 2,
        "size": [
            "default",
            10
        ],
        "text": "#player_score_sidebar",
        "text_alignment": "right",
        "anchor_from": "top_right",
        "anchor_to": "top_right",
        "inherit_max_sibling_width": true,
        "locked_alpha": 0.0,
        "visible": false,
        "color": [
            1.0,
            1.0,
            1.0,
            0.0
        ],
        "bindings": [
            {
                "binding_name": "#player_score_sidebar",
                "binding_type": "collection",
                "binding_collection_name": "scoreboard_scores"
            }
        ]
    },
    "scoreboard_sidebar_player": {
        "type": "label",
        "layer": 2,
        "text": "#player_name_sidebar",
        "text_alignment": "left",
        "size": [
            "default",
            10
        ],
        "anchor_from": "top_right",
        "anchor_to": "top_right",
        "inherit_max_sibling_width": true,
        "locked_alpha": 1.0,
        "color": "$player_name_color",
        "bindings": [
            {
                "binding_name": "#player_name_sidebar",
                "binding_type": "collection",
                "binding_collection_name": "scoreboard_players"
            }
        ]
    },
    "scoreboard_sidebar": {
        "type": "panel",
        "size": [
            "100%cm",
            "100%c"
        ],
        "anchor_from": "right_middle",
        "anchor_to": "right_middle",
        "ignored": "$scoreboards_feature_disabled",
        "controls": [
            {
                "main": {
                    "type": "image",
                    "texture": "textures/ui/Black_sb",
                    "alpha": 0.5,
                    "size": [
                        "100%cm+3px",
                        "100%c+5px"
                    ],
                    "controls": [
                        {
                            "displayed_objective": {
                                "type": "label",
                                "offset": [
                                    0,
                                    2
                                ],
                                "size": [
                                    "default",
                                    12
                                ],
                                "text": "#objective_sidebar_name",
                                "anchor_from": "top_middle",
                                "anchor_to": "top_middle",
                                "text_alignment": "center",
                                "inherit_max_sibling_width": true,
                                "locked_alpha": 1.0,
                                "layer": 1,
                                "color": "$objective_title_color",
                                "bindings": [
                                    {
                                        "binding_name": "#objective_sidebar_name",
                                        "binding_type": "global"
                                    },
                                    {
                                        "binding_type": "view",
                                        "source_control_name": "displayed_objective",
                                        "resolve_sibling_scope": true,
                                        "source_property_name": "(not(#objective_sidebar_name = 'cubecraft.sb.logo'))",
                                        "target_property_name": "#visible"
                                    }
                                ]
                            }
                        },
                        {
                            "logo": {
                                "type": "image",
                                "texture": "textures/ui/logo_scoreboard",
                                "size": [
                                    128,
                                    42
                                ],
                                "anchor_from": "top_middle",
                                "anchor_to": "top_middle",
                                "layer": 1,
                                "bindings": [
                                    {
                                        "binding_name": "#objective_sidebar_name",
                                        "binding_type": "global"
                                    },
                                    {
                                        "binding_type": "view",
                                        "source_control_name": "logo",
                                        "resolve_sibling_scope": true,
                                        "source_property_name": "(#objective_sidebar_name = 'cubecraft.sb.logo')",
                                        "target_property_name": "#visible"
                                    }
                                ]
                            }
                        },
                        {
                            "lists": {
                                "type": "panel",
                                "anchor_from": "bottom_left",
                                "anchor_to": "bottom_left",
                                "inherit_max_sibling_width": true,
                                "offset": [
                                    2,
                                    -1
                                ],
                                "size": [
                                    "100%c",
                                    "100%cm"
                                ],
                                "controls": [
                                    {
                                        "players": {
                                            "type": "stack_panel",
                                            "anchor_from": "top_left",
                                            "anchor_to": "top_left",
                                            "size": [
                                                "100%cm",
                                                "100%c"
                                            ],
                                            "orientation": "vertical",
                                            "collection_name": "scoreboard_players",
                                            "factory": {
                                                "name": "player_list_factory",
                                                "control_name": "scoreboard.scoreboard_sidebar_player"
                                            },
                                            "bindings": [
                                                {
                                                    "binding_name": "#scoreboard_sidebar_size",
                                                    "binding_type": "global",
                                                    "binding_name_override": "#collection_length"
                                                }
                                            ]
                                        }
                                    },
                                    {
                                        "scores": {
                                            "type": "stack_panel",
                                            "anchor_from": "top_right",
                                            "anchor_to": "top_right",
                                            "size": [
                                                "100%cm",
                                                "100%c"
                                            ],
                                            "orientation": "vertical",
                                            "collection_name": "scoreboard_scores",
                                            "factory": {
                                                "name": "player_score_factory",
                                                "control_name": "scoreboard.scoreboard_sidebar_score"
                                            },
                                            "bindings": [
                                                {
                                                    "binding_name": "#scoreboard_sidebar_size",
                                                    "binding_type": "global",
                                                    "binding_name_override": "#collection_length"
                                                }
                                            ]
                                        }
                                    }
                                ]
                            }
                        }
                    ]
                }
            }
        ],
        "bindings": [
            {
                "binding_name": "#scoreboard_sidebar_visible",
                "binding_type": "global",
                "binding_name_override": "#visible"
            }
        ]
    }
}